<?xml version="1.0" encoding="windows-1252" ?>
<!DOCTYPE Association SYSTEM "jbo_03_01.dtd">
<!---->
<Association
  xmlns="http://xmlns.oracle.com/bc4j"
  Name="DeptMgrFkAssoc"
  Version="12.2.1.0.31"
  InheritPersonalization="merge">
  <DesignTime>
    <Attr Name="_isCodegen" Value="true"/>
  </DesignTime>
  <AssociationEnd
    Name="EmployeeEO1"
    Cardinality="1"
    Source="true"
    Owner="com.oracle.model.entity.EmployeeEO">
    <DesignTime>
      <Attr Name="_isUpdateable" Value="true"/>
      <Attr Name="_aggregation" Value="0"/>
      <Attr Name="_finderName" Value="EmployeeEO1"/>
      <Attr Name="_foreignKey" Value="com.oracle.model.entity.EmployeeEO.EmpEmpIdPk"/>
    </DesignTime>
    <AttrArray Name="Attributes">
      <Item Value="com.oracle.model.entity.EmployeeEO.EmployeeId"/>
    </AttrArray>
  </AssociationEnd>
  <AssociationEnd
    Name="DepartmentEO1"
    Cardinality="-1"
    Owner="com.oracle.model.entity.DepartmentEO">
    <DesignTime>
      <Attr Name="_isUpdateable" Value="true"/>
      <Attr Name="_aggregation" Value="0"/>
      <Attr Name="_finderName" Value="DepartmentEO1"/>
      <Attr Name="_foreignKey" Value="com.oracle.model.entity.DepartmentEO.DeptMgrFk"/>
    </DesignTime>
    <AttrArray Name="Attributes">
      <Item Value="com.oracle.model.entity.DepartmentEO.ManagerId"/>
    </AttrArray>
  </AssociationEnd>
</Association>
