<?xml version="1.0" encoding="UTF-8" ?>
<pageDefinition xmlns="http://xmlns.oracle.com/adfm/uimodel" version="12.2.1.0.31"
                id="EmployeeAM_DepartmentVOResources" Package="com.oracle.model.am.rest.r1" usageMode="RESTClient">
  <parameters/>
  <executables>
    <variableIterator id="variables"/>
    <iterator Binds="Department" RangeSize="5" DataControl="EmployeeAMDataControl" id="DepartmentIter"/>
  </executables>
  <bindings>
    <tree IterBinding="DepartmentIter" id="departments" AccessorFolder="Always">
      <nodeDefinition DefName="com.oracle.model.view.DepartmentVO" Name="com.oracle.model.view.DepartmentVO">
        <Accessors>          
          <Item Value="Employee"/>
        </Accessors>
      </nodeDefinition>
      <nodeDefinition DefName="com.oracle.model.view.EmployeeVO" Name="com.oracle.model.view.EmployeeVO"
                      DiscrName="_Sys_Accessor" DiscrValue="Employee"/>
    </tree>
  </bindings>
</pageDefinition>
